customer_id,channel,cost,conversion_rate,revenue
1,Referral,8.320326732170223,0.1231449787166301,4199
2,paid advertising,30.450327213520207,0.0163414915688768,3410
3,email marketing,5.2462632712450965,0.0438222285949381,3164
4,social media,9.546325667652964,0.1675922473559195,1520
5,Referral,8.320326732170223,0.1231449787166301,2419
6,paid advertising,30.450327213520207,0.0163414915688768,3856
7,social media,9.546325667652964,0.1675922473559195,1172
8,email marketing,5.2462632712450965,0.0438222285949381,700
9,social media,9.546325667652964,0.1675922473559195,2137
10,social media,9.546325667652964,0.1675922473559195,982
11,email marketing,5.2462632712450965,0.0438222285949381,3003
12,Referral,8.320326732170223,0.1231449787166301,1455
13,social media,9.546325667652964,0.1675922473559195,3388
14,email marketing,5.2462632712450965,0.0438222285949381,3562
15,Referral,8.320326732170223,0.1231449787166301,1147
16,paid advertising,30.450327213520207,0.0163414915688768,1303
17,Referral,8.320326732170223,0.1231449787166301,1456
18,paid advertising,30.450327213520207,0.0163414915688768,4549
19,social media,9.546325667652964,0.1675922473559195,2054
20,Referral,8.320326732170223,0.1231449787166301,4439
21,paid advertising,30.450327213520207,0.0163414915688768,1976
22,email marketing,5.2462632712450965,0.0438222285949381,4004
23,social media,9.546325667652964,0.1675922473559195,2010
24,email marketing,5.2462632712450965,0.0438222285949381,3932
25,email marketing,5.2462632712450965,0.0438222285949381,1885
26,paid advertising,30.450327213520207,0.0163414915688768,4455
27,email marketing,5.2462632712450965,0.0438222285949381,4681
28,social media,9.546325667652964,0.1675922473559195,1867
29,email marketing,5.2462632712450965,0.0438222285949381,4342
30,paid advertising,30.450327213520207,0.0163414915688768,1385
31,Referral,8.320326732170223,0.1231449787166301,3239
32,social media,9.546325667652964,0.1675922473559195,1459
33,Referral,8.320326732170223,0.1231449787166301,2021
34,social media,9.546325667652964,0.1675922473559195,1947
35,paid advertising,30.450327213520207,0.0163414915688768,2026
36,Referral,8.320326732170223,0.1231449787166301,4776
37,social media,9.546325667652964,0.1675922473559195,3836
38,social media,9.546325667652964,0.1675922473559195,3172
39,paid advertising,30.450327213520207,0.0163414915688768,4846
40,Referral,8.320326732170223,0.1231449787166301,3868
41,social media,9.546325667652964,0.1675922473559195,3947
42,social media,9.546325667652964,0.1675922473559195,1118
43,paid advertising,30.450327213520207,0.0163414915688768,3326
44,paid advertising,30.450327213520207,0.0163414915688768,1004
45,paid advertising,30.450327213520207,0.0163414915688768,3596
46,social media,9.546325667652964,0.1675922473559195,1052
47,email marketing,5.2462632712450965,0.0438222285949381,3466
48,Referral,8.320326732170223,0.1231449787166301,832
49,social media,9.546325667652964,0.1675922473559195,1575
50,Referral,8.320326732170223,0.1231449787166301,571
51,email marketing,5.2462632712450965,0.0438222285949381,1962
52,paid advertising,30.450327213520207,0.0163414915688768,2573
53,Referral,8.320326732170223,0.1231449787166301,3603
54,Referral,8.320326732170223,0.1231449787166301,2390
55,paid advertising,30.450327213520207,0.0163414915688768,2949
56,paid advertising,30.450327213520207,0.0163414915688768,719
57,email marketing,5.2462632712450965,0.0438222285949381,2754
58,paid advertising,30.450327213520207,0.0163414915688768,674
59,Referral,8.320326732170223,0.1231449787166301,868
60,paid advertising,30.450327213520207,0.0163414915688768,1806
61,email marketing,5.2462632712450965,0.0438222285949381,3472
62,social media,9.546325667652964,0.1675922473559195,792
63,email marketing,5.2462632712450965,0.0438222285949381,3890
64,social media,9.546325667652964,0.1675922473559195,4131
65,paid advertising,30.450327213520207,0.0163414915688768,4210
66,social media,9.546325667652964,0.1675922473559195,1568
67,paid advertising,30.450327213520207,0.0163414915688768,2529
68,Referral,8.320326732170223,0.1231449787166301,2376
69,email marketing,5.2462632712450965,0.0438222285949381,2952
70,social media,9.546325667652964,0.1675922473559195,4833
71,paid advertising,30.450327213520207,0.0163414915688768,2237
72,Referral,8.320326732170223,0.1231449787166301,1361
73,paid advertising,30.450327213520207,0.0163414915688768,2807
74,paid advertising,30.450327213520207,0.0163414915688768,2620
75,Referral,8.320326732170223,0.1231449787166301,3525
76,paid advertising,30.450327213520207,0.0163414915688768,3112
77,email marketing,5.2462632712450965,0.0438222285949381,1736
78,social media,9.546325667652964,0.1675922473559195,1812
79,paid advertising,30.450327213520207,0.0163414915688768,4540
80,email marketing,5.2462632712450965,0.0438222285949381,4586
81,social media,9.546325667652964,0.1675922473559195,800
82,email marketing,5.2462632712450965,0.0438222285949381,2741
83,email marketing,5.2462632712450965,0.0438222285949381,711
84,paid advertising,30.450327213520207,0.0163414915688768,3308
85,paid advertising,30.450327213520207,0.0163414915688768,4312
86,email marketing,5.2462632712450965,0.0438222285949381,3280
87,social media,9.546325667652964,0.1675922473559195,3469
88,social media,9.546325667652964,0.1675922473559195,1487
89,paid advertising,30.450327213520207,0.0163414915688768,1771
90,paid advertising,30.450327213520207,0.0163414915688768,1364
91,email marketing,5.2462632712450965,0.0438222285949381,4302
92,email marketing,5.2462632712450965,0.0438222285949381,1874
93,Referral,8.320326732170223,0.1231449787166301,3453
94,email marketing,5.2462632712450965,0.0438222285949381,2933
95,social media,9.546325667652964,0.1675922473559195,2987
96,Referral,8.320326732170223,0.1231449787166301,3642
97,social media,9.546325667652964,0.1675922473559195,845
98,paid advertising,30.450327213520207,0.0163414915688768,3809
99,email marketing,5.2462632712450965,0.0438222285949381,4947
100,email marketing,5.2462632712450965,0.0438222285949381,4539
101,social media,9.546325667652964,0.1675922473559195,1929
102,social media,9.546325667652964,0.1675922473559195,1174
103,email marketing,5.2462632712450965,0.0438222285949381,2574
104,social media,9.546325667652964,0.1675922473559195,1499
105,social media,9.546325667652964,0.1675922473559195,4420
106,social media,9.546325667652964,0.1675922473559195,1411
107,email marketing,5.2462632712450965,0.0438222285949381,3338
108,paid advertising,30.450327213520207,0.0163414915688768,1681
109,email marketing,5.2462632712450965,0.0438222285949381,3326
110,Referral,8.320326732170223,0.1231449787166301,558
111,Referral,8.320326732170223,0.1231449787166301,3953
112,Referral,8.320326732170223,0.1231449787166301,3642
113,email marketing,5.2462632712450965,0.0438222285949381,1694
114,Referral,8.320326732170223,0.1231449787166301,3115
115,paid advertising,30.450327213520207,0.0163414915688768,4560
116,email marketing,5.2462632712450965,0.0438222285949381,3442
117,social media,9.546325667652964,0.1675922473559195,4340
118,Referral,8.320326732170223,0.1231449787166301,1919
119,paid advertising,30.450327213520207,0.0163414915688768,2695
120,paid advertising,30.450327213520207,0.0163414915688768,4134
121,paid advertising,30.450327213520207,0.0163414915688768,3951
122,email marketing,5.2462632712450965,0.0438222285949381,3474
123,email marketing,5.2462632712450965,0.0438222285949381,730
124,Referral,8.320326732170223,0.1231449787166301,3376
125,email marketing,5.2462632712450965,0.0438222285949381,1067
126,email marketing,5.2462632712450965,0.0438222285949381,2723
127,email marketing,5.2462632712450965,0.0438222285949381,1272
128,paid advertising,30.450327213520207,0.0163414915688768,2800
129,paid advertising,30.450327213520207,0.0163414915688768,2389
130,email marketing,5.2462632712450965,0.0438222285949381,1988
131,paid advertising,30.450327213520207,0.0163414915688768,912
132,social media,9.546325667652964,0.1675922473559195,3149
133,email marketing,5.2462632712450965,0.0438222285949381,2624
134,Referral,8.320326732170223,0.1231449787166301,1429
135,Referral,8.320326732170223,0.1231449787166301,4615
136,social media,9.546325667652964,0.1675922473559195,1809
137,email marketing,5.2462632712450965,0.0438222285949381,1528
138,email marketing,5.2462632712450965,0.0438222285949381,2486
139,paid advertising,30.450327213520207,0.0163414915688768,4854
140,paid advertising,30.450327213520207,0.0163414915688768,1722
141,Referral,8.320326732170223,0.1231449787166301,4756
142,email marketing,5.2462632712450965,0.0438222285949381,755
143,social media,9.546325667652964,0.1675922473559195,3066
144,paid advertising,30.450327213520207,0.0163414915688768,2357
145,email marketing,5.2462632712450965,0.0438222285949381,3522
146,social media,9.546325667652964,0.1675922473559195,4301
147,paid advertising,30.450327213520207,0.0163414915688768,3580
148,Referral,8.320326732170223,0.1231449787166301,1960
149,social media,9.546325667652964,0.1675922473559195,1777
150,email marketing,5.2462632712450965,0.0438222285949381,2506
151,social media,9.546325667652964,0.1675922473559195,4043
152,social media,9.546325667652964,0.1675922473559195,3966
153,email marketing,5.2462632712450965,0.0438222285949381,1023
154,email marketing,5.2462632712450965,0.0438222285949381,4727
155,social media,9.546325667652964,0.1675922473559195,4647
156,social media,9.546325667652964,0.1675922473559195,2312
157,email marketing,5.2462632712450965,0.0438222285949381,2963
158,email marketing,5.2462632712450965,0.0438222285949381,3803
159,Referral,8.320326732170223,0.1231449787166301,3433
160,email marketing,5.2462632712450965,0.0438222285949381,2894
161,email marketing,5.2462632712450965,0.0438222285949381,918
162,social media,9.546325667652964,0.1675922473559195,1336
163,social media,9.546325667652964,0.1675922473559195,2688
164,social media,9.546325667652964,0.1675922473559195,2257
165,paid advertising,30.450327213520207,0.0163414915688768,3886
166,paid advertising,30.450327213520207,0.0163414915688768,4732
167,email marketing,5.2462632712450965,0.0438222285949381,3309
168,paid advertising,30.450327213520207,0.0163414915688768,1268
169,email marketing,5.2462632712450965,0.0438222285949381,3677
170,email marketing,5.2462632712450965,0.0438222285949381,3667
171,Referral,8.320326732170223,0.1231449787166301,2949
172,paid advertising,30.450327213520207,0.0163414915688768,3842
173,Referral,8.320326732170223,0.1231449787166301,2357
174,Referral,8.320326732170223,0.1231449787166301,4365
175,social media,9.546325667652964,0.1675922473559195,4235
176,paid advertising,30.450327213520207,0.0163414915688768,4947
177,email marketing,5.2462632712450965,0.0438222285949381,2906
178,social media,9.546325667652964,0.1675922473559195,2823
179,paid advertising,30.450327213520207,0.0163414915688768,1249
180,Referral,8.320326732170223,0.1231449787166301,3120
181,Referral,8.320326732170223,0.1231449787166301,3886
182,paid advertising,30.450327213520207,0.0163414915688768,622
183,social media,9.546325667652964,0.1675922473559195,3902
184,paid advertising,30.450327213520207,0.0163414915688768,1294
185,paid advertising,30.450327213520207,0.0163414915688768,2615
186,social media,9.546325667652964,0.1675922473559195,2715
187,Referral,8.320326732170223,0.1231449787166301,4674
188,Referral,8.320326732170223,0.1231449787166301,3879
189,Referral,8.320326732170223,0.1231449787166301,1719
190,email marketing,5.2462632712450965,0.0438222285949381,1220
191,social media,9.546325667652964,0.1675922473559195,3944
192,social media,9.546325667652964,0.1675922473559195,3267
193,Referral,8.320326732170223,0.1231449787166301,2216
194,email marketing,5.2462632712450965,0.0438222285949381,3146
195,email marketing,5.2462632712450965,0.0438222285949381,4728
196,paid advertising,30.450327213520207,0.0163414915688768,620
197,Referral,8.320326732170223,0.1231449787166301,1838
198,social media,9.546325667652964,0.1675922473559195,2723
199,email marketing,5.2462632712450965,0.0438222285949381,3180
200,paid advertising,30.450327213520207,0.0163414915688768,2692
201,social media,9.546325667652964,0.1675922473559195,1638
202,paid advertising,30.450327213520207,0.0163414915688768,3037
203,paid advertising,30.450327213520207,0.0163414915688768,1357
204,email marketing,5.2462632712450965,0.0438222285949381,2510
205,social media,9.546325667652964,0.1675922473559195,3360
206,Referral,8.320326732170223,0.1231449787166301,1865
207,paid advertising,30.450327213520207,0.0163414915688768,1377
208,Referral,8.320326732170223,0.1231449787166301,1275
209,Referral,8.320326732170223,0.1231449787166301,1054
210,social media,9.546325667652964,0.1675922473559195,4266
211,email marketing,5.2462632712450965,0.0438222285949381,2201
212,email marketing,5.2462632712450965,0.0438222285949381,800
213,social media,9.546325667652964,0.1675922473559195,791
214,Referral,8.320326732170223,0.1231449787166301,606
215,social media,9.546325667652964,0.1675922473559195,2574
216,paid advertising,30.450327213520207,0.0163414915688768,4887
217,paid advertising,30.450327213520207,0.0163414915688768,3593
218,social media,9.546325667652964,0.1675922473559195,2979
219,Referral,8.320326732170223,0.1231449787166301,620
220,email marketing,5.2462632712450965,0.0438222285949381,3602
221,Referral,8.320326732170223,0.1231449787166301,1711
222,Referral,8.320326732170223,0.1231449787166301,3062
223,email marketing,5.2462632712450965,0.0438222285949381,1760
224,email marketing,5.2462632712450965,0.0438222285949381,3550
225,social media,9.546325667652964,0.1675922473559195,2224
226,Referral,8.320326732170223,0.1231449787166301,3306
227,Referral,8.320326732170223,0.1231449787166301,1121
228,Referral,8.320326732170223,0.1231449787166301,4872
229,social media,9.546325667652964,0.1675922473559195,2457
230,paid advertising,30.450327213520207,0.0163414915688768,1361
231,email marketing,5.2462632712450965,0.0438222285949381,1643
232,Referral,8.320326732170223,0.1231449787166301,3069
233,social media,9.546325667652964,0.1675922473559195,2962
234,email marketing,5.2462632712450965,0.0438222285949381,4504
235,paid advertising,30.450327213520207,0.0163414915688768,2058
236,Referral,8.320326732170223,0.1231449787166301,4172
237,social media,9.546325667652964,0.1675922473559195,3105
238,Referral,8.320326732170223,0.1231449787166301,2980
239,social media,9.546325667652964,0.1675922473559195,790
240,Referral,8.320326732170223,0.1231449787166301,2213
241,Referral,8.320326732170223,0.1231449787166301,3270
242,email marketing,5.2462632712450965,0.0438222285949381,1644
243,paid advertising,30.450327213520207,0.0163414915688768,1218
244,Referral,8.320326732170223,0.1231449787166301,4162
245,paid advertising,30.450327213520207,0.0163414915688768,1467
246,email marketing,5.2462632712450965,0.0438222285949381,2079
247,social media,9.546325667652964,0.1675922473559195,3729
248,Referral,8.320326732170223,0.1231449787166301,4933
249,Referral,8.320326732170223,0.1231449787166301,3428
250,email marketing,5.2462632712450965,0.0438222285949381,4940
251,paid advertising,30.450327213520207,0.0163414915688768,1303
252,paid advertising,30.450327213520207,0.0163414915688768,2736
253,social media,9.546325667652964,0.1675922473559195,3730
254,Referral,8.320326732170223,0.1231449787166301,4994
255,paid advertising,30.450327213520207,0.0163414915688768,3754
256,paid advertising,30.450327213520207,0.0163414915688768,3139
257,email marketing,5.2462632712450965,0.0438222285949381,2490
258,Referral,8.320326732170223,0.1231449787166301,4212
259,email marketing,5.2462632712450965,0.0438222285949381,1314
260,Referral,8.320326732170223,0.1231449787166301,4632
261,Referral,8.320326732170223,0.1231449787166301,966
262,Referral,8.320326732170223,0.1231449787166301,2729
263,social media,9.546325667652964,0.1675922473559195,1150
264,social media,9.546325667652964,0.1675922473559195,1453
265,paid advertising,30.450327213520207,0.0163414915688768,4469
266,email marketing,5.2462632712450965,0.0438222285949381,4742
267,paid advertising,30.450327213520207,0.0163414915688768,2230
268,Referral,8.320326732170223,0.1231449787166301,4923
269,paid advertising,30.450327213520207,0.0163414915688768,4290
270,email marketing,5.2462632712450965,0.0438222285949381,1165
271,email marketing,5.2462632712450965,0.0438222285949381,2176
272,Referral,8.320326732170223,0.1231449787166301,2116
273,Referral,8.320326732170223,0.1231449787166301,3326
274,Referral,8.320326732170223,0.1231449787166301,2139
275,email marketing,5.2462632712450965,0.0438222285949381,1237
276,Referral,8.320326732170223,0.1231449787166301,2322
277,Referral,8.320326732170223,0.1231449787166301,1492
278,paid advertising,30.450327213520207,0.0163414915688768,1568
279,paid advertising,30.450327213520207,0.0163414915688768,3847
280,social media,9.546325667652964,0.1675922473559195,4720
281,Referral,8.320326732170223,0.1231449787166301,3377
282,Referral,8.320326732170223,0.1231449787166301,1171
283,Referral,8.320326732170223,0.1231449787166301,4155
284,paid advertising,30.450327213520207,0.0163414915688768,3175
285,email marketing,5.2462632712450965,0.0438222285949381,3796
286,Referral,8.320326732170223,0.1231449787166301,2387
287,paid advertising,30.450327213520207,0.0163414915688768,1502
288,paid advertising,30.450327213520207,0.0163414915688768,1717
289,email marketing,5.2462632712450965,0.0438222285949381,4645
290,Referral,8.320326732170223,0.1231449787166301,2086
291,social media,9.546325667652964,0.1675922473559195,2230
292,Referral,8.320326732170223,0.1231449787166301,3315
293,email marketing,5.2462632712450965,0.0438222285949381,3397
294,paid advertising,30.450327213520207,0.0163414915688768,3040
295,email marketing,5.2462632712450965,0.0438222285949381,3672
296,Referral,8.320326732170223,0.1231449787166301,1979
297,email marketing,5.2462632712450965,0.0438222285949381,923
298,social media,9.546325667652964,0.1675922473559195,753
299,social media,9.546325667652964,0.1675922473559195,1089
300,paid advertising,30.450327213520207,0.0163414915688768,984
301,email marketing,5.2462632712450965,0.0438222285949381,2749
302,paid advertising,30.450327213520207,0.0163414915688768,4559
303,paid advertising,30.450327213520207,0.0163414915688768,905
304,Referral,8.320326732170223,0.1231449787166301,4517
305,social media,9.546325667652964,0.1675922473559195,2497
306,paid advertising,30.450327213520207,0.0163414915688768,3170
307,email marketing,5.2462632712450965,0.0438222285949381,3226
308,paid advertising,30.450327213520207,0.0163414915688768,3975
309,email marketing,5.2462632712450965,0.0438222285949381,3436
310,social media,9.546325667652964,0.1675922473559195,755
311,social media,9.546325667652964,0.1675922473559195,3941
312,paid advertising,30.450327213520207,0.0163414915688768,3780
313,social media,9.546325667652964,0.1675922473559195,2974
314,Referral,8.320326732170223,0.1231449787166301,849
315,paid advertising,30.450327213520207,0.0163414915688768,3456
316,Referral,8.320326732170223,0.1231449787166301,2219
317,social media,9.546325667652964,0.1675922473559195,4505
318,email marketing,5.2462632712450965,0.0438222285949381,4105
319,social media,9.546325667652964,0.1675922473559195,4575
320,email marketing,5.2462632712450965,0.0438222285949381,2164
321,paid advertising,30.450327213520207,0.0163414915688768,1804
322,Referral,8.320326732170223,0.1231449787166301,3092
323,social media,9.546325667652964,0.1675922473559195,4653
324,paid advertising,30.450327213520207,0.0163414915688768,3196
325,Referral,8.320326732170223,0.1231449787166301,2661
326,Referral,8.320326732170223,0.1231449787166301,3527
327,email marketing,5.2462632712450965,0.0438222285949381,2537
328,social media,9.546325667652964,0.1675922473559195,2529
329,email marketing,5.2462632712450965,0.0438222285949381,3872
330,Referral,8.320326732170223,0.1231449787166301,1608
331,Referral,8.320326732170223,0.1231449787166301,2183
332,email marketing,5.2462632712450965,0.0438222285949381,3288
333,Referral,8.320326732170223,0.1231449787166301,1588
334,Referral,8.320326732170223,0.1231449787166301,4318
335,email marketing,5.2462632712450965,0.0438222285949381,4956
336,social media,9.546325667652964,0.1675922473559195,2748
337,Referral,8.320326732170223,0.1231449787166301,500
338,email marketing,5.2462632712450965,0.0438222285949381,813
339,paid advertising,30.450327213520207,0.0163414915688768,3903
340,Referral,8.320326732170223,0.1231449787166301,2881
341,social media,9.546325667652964,0.1675922473559195,3458
342,email marketing,5.2462632712450965,0.0438222285949381,4731
343,Referral,8.320326732170223,0.1231449787166301,1280
344,Referral,8.320326732170223,0.1231449787166301,838
345,social media,9.546325667652964,0.1675922473559195,4032
346,email marketing,5.2462632712450965,0.0438222285949381,999
347,email marketing,5.2462632712450965,0.0438222285949381,3212
348,social media,9.546325667652964,0.1675922473559195,2380
349,social media,9.546325667652964,0.1675922473559195,2155
350,Referral,8.320326732170223,0.1231449787166301,1524
351,Referral,8.320326732170223,0.1231449787166301,1248
352,social media,9.546325667652964,0.1675922473559195,2973
353,Referral,8.320326732170223,0.1231449787166301,2245
354,Referral,8.320326732170223,0.1231449787166301,2995
355,Referral,8.320326732170223,0.1231449787166301,3613
356,social media,9.546325667652964,0.1675922473559195,3278
357,social media,9.546325667652964,0.1675922473559195,1090
358,social media,9.546325667652964,0.1675922473559195,2593
359,email marketing,5.2462632712450965,0.0438222285949381,3218
360,paid advertising,30.450327213520207,0.0163414915688768,2242
361,Referral,8.320326732170223,0.1231449787166301,3984
362,Referral,8.320326732170223,0.1231449787166301,4951
363,social media,9.546325667652964,0.1675922473559195,4127
364,Referral,8.320326732170223,0.1231449787166301,1194
365,Referral,8.320326732170223,0.1231449787166301,3929
366,email marketing,5.2462632712450965,0.0438222285949381,2297
367,Referral,8.320326732170223,0.1231449787166301,4923
368,email marketing,5.2462632712450965,0.0438222285949381,3954
369,social media,9.546325667652964,0.1675922473559195,1293
370,email marketing,5.2462632712450965,0.0438222285949381,3573
371,Referral,8.320326732170223,0.1231449787166301,1451
372,email marketing,5.2462632712450965,0.0438222285949381,3625
373,Referral,8.320326732170223,0.1231449787166301,3806
374,social media,9.546325667652964,0.1675922473559195,1085
375,social media,9.546325667652964,0.1675922473559195,1267
376,paid advertising,30.450327213520207,0.0163414915688768,3875
377,paid advertising,30.450327213520207,0.0163414915688768,2949
378,Referral,8.320326732170223,0.1231449787166301,2557
379,email marketing,5.2462632712450965,0.0438222285949381,3463
380,email marketing,5.2462632712450965,0.0438222285949381,1670
381,Referral,8.320326732170223,0.1231449787166301,1163
382,social media,9.546325667652964,0.1675922473559195,1939
383,email marketing,5.2462632712450965,0.0438222285949381,2674
384,social media,9.546325667652964,0.1675922473559195,1719
385,paid advertising,30.450327213520207,0.0163414915688768,3822
386,Referral,8.320326732170223,0.1231449787166301,2424
387,Referral,8.320326732170223,0.1231449787166301,2685
388,email marketing,5.2462632712450965,0.0438222285949381,2891
389,paid advertising,30.450327213520207,0.0163414915688768,3947
390,social media,9.546325667652964,0.1675922473559195,2190
391,paid advertising,30.450327213520207,0.0163414915688768,1694
392,Referral,8.320326732170223,0.1231449787166301,3857
393,paid advertising,30.450327213520207,0.0163414915688768,2531
394,social media,9.546325667652964,0.1675922473559195,549
395,paid advertising,30.450327213520207,0.0163414915688768,4779
396,paid advertising,30.450327213520207,0.0163414915688768,1016
397,paid advertising,30.450327213520207,0.0163414915688768,4460
398,paid advertising,30.450327213520207,0.0163414915688768,534
399,social media,9.546325667652964,0.1675922473559195,829
400,email marketing,5.2462632712450965,0.0438222285949381,1859
401,email marketing,5.2462632712450965,0.0438222285949381,2064
402,paid advertising,30.450327213520207,0.0163414915688768,3970
403,email marketing,5.2462632712450965,0.0438222285949381,4257
404,Referral,8.320326732170223,0.1231449787166301,1303
405,Referral,8.320326732170223,0.1231449787166301,3809
406,email marketing,5.2462632712450965,0.0438222285949381,4944
407,paid advertising,30.450327213520207,0.0163414915688768,4998
408,paid advertising,30.450327213520207,0.0163414915688768,1008
409,Referral,8.320326732170223,0.1231449787166301,2650
410,paid advertising,30.450327213520207,0.0163414915688768,3252
411,paid advertising,30.450327213520207,0.0163414915688768,4444
412,email marketing,5.2462632712450965,0.0438222285949381,2028
413,paid advertising,30.450327213520207,0.0163414915688768,999
414,email marketing,5.2462632712450965,0.0438222285949381,3444
415,paid advertising,30.450327213520207,0.0163414915688768,2152
416,social media,9.546325667652964,0.1675922473559195,941
417,social media,9.546325667652964,0.1675922473559195,1056
418,social media,9.546325667652964,0.1675922473559195,1111
419,email marketing,5.2462632712450965,0.0438222285949381,1335
420,email marketing,5.2462632712450965,0.0438222285949381,1438
421,social media,9.546325667652964,0.1675922473559195,1948
422,Referral,8.320326732170223,0.1231449787166301,3315
423,email marketing,5.2462632712450965,0.0438222285949381,931
424,paid advertising,30.450327213520207,0.0163414915688768,3444
425,paid advertising,30.450327213520207,0.0163414915688768,4171
426,Referral,8.320326732170223,0.1231449787166301,3974
427,Referral,8.320326732170223,0.1231449787166301,3667
428,email marketing,5.2462632712450965,0.0438222285949381,1120
429,paid advertising,30.450327213520207,0.0163414915688768,4598
430,email marketing,5.2462632712450965,0.0438222285949381,2415
431,email marketing,5.2462632712450965,0.0438222285949381,1432
432,Referral,8.320326732170223,0.1231449787166301,4954
433,Referral,8.320326732170223,0.1231449787166301,2824
434,email marketing,5.2462632712450965,0.0438222285949381,863
435,email marketing,5.2462632712450965,0.0438222285949381,4091
436,Referral,8.320326732170223,0.1231449787166301,4338
437,paid advertising,30.450327213520207,0.0163414915688768,3273
438,email marketing,5.2462632712450965,0.0438222285949381,3742
439,email marketing,5.2462632712450965,0.0438222285949381,4844
440,paid advertising,30.450327213520207,0.0163414915688768,2068
441,social media,9.546325667652964,0.1675922473559195,949
442,social media,9.546325667652964,0.1675922473559195,3229
443,email marketing,5.2462632712450965,0.0438222285949381,1770
444,social media,9.546325667652964,0.1675922473559195,608
445,paid advertising,30.450327213520207,0.0163414915688768,1523
446,social media,9.546325667652964,0.1675922473559195,859
447,paid advertising,30.450327213520207,0.0163414915688768,533
448,email marketing,5.2462632712450965,0.0438222285949381,2762
449,Referral,8.320326732170223,0.1231449787166301,3639
450,Referral,8.320326732170223,0.1231449787166301,578
451,Referral,8.320326732170223,0.1231449787166301,2589
452,social media,9.546325667652964,0.1675922473559195,1923
453,Referral,8.320326732170223,0.1231449787166301,3722
454,Referral,8.320326732170223,0.1231449787166301,2052
455,social media,9.546325667652964,0.1675922473559195,1835
456,social media,9.546325667652964,0.1675922473559195,2012
457,Referral,8.320326732170223,0.1231449787166301,4493
458,Referral,8.320326732170223,0.1231449787166301,3277
459,paid advertising,30.450327213520207,0.0163414915688768,3803
460,paid advertising,30.450327213520207,0.0163414915688768,510
461,social media,9.546325667652964,0.1675922473559195,2211
462,paid advertising,30.450327213520207,0.0163414915688768,2648
463,email marketing,5.2462632712450965,0.0438222285949381,3732
464,Referral,8.320326732170223,0.1231449787166301,516
465,Referral,8.320326732170223,0.1231449787166301,2837
466,social media,9.546325667652964,0.1675922473559195,2003
467,Referral,8.320326732170223,0.1231449787166301,983
468,social media,9.546325667652964,0.1675922473559195,4044
469,email marketing,5.2462632712450965,0.0438222285949381,2624
470,email marketing,5.2462632712450965,0.0438222285949381,2146
471,paid advertising,30.450327213520207,0.0163414915688768,1976
472,Referral,8.320326732170223,0.1231449787166301,3673
473,paid advertising,30.450327213520207,0.0163414915688768,2630
474,email marketing,5.2462632712450965,0.0438222285949381,2272
475,paid advertising,30.450327213520207,0.0163414915688768,1659
476,paid advertising,30.450327213520207,0.0163414915688768,2244
477,social media,9.546325667652964,0.1675922473559195,4273
478,social media,9.546325667652964,0.1675922473559195,1571
479,Referral,8.320326732170223,0.1231449787166301,2561
480,email marketing,5.2462632712450965,0.0438222285949381,3929
481,email marketing,5.2462632712450965,0.0438222285949381,2440
482,Referral,8.320326732170223,0.1231449787166301,4820
483,paid advertising,30.450327213520207,0.0163414915688768,2681
484,email marketing,5.2462632712450965,0.0438222285949381,2609
485,email marketing,5.2462632712450965,0.0438222285949381,2975
486,email marketing,5.2462632712450965,0.0438222285949381,3090
487,email marketing,5.2462632712450965,0.0438222285949381,3543
488,paid advertising,30.450327213520207,0.0163414915688768,3622
489,social media,9.546325667652964,0.1675922473559195,4118
490,paid advertising,30.450327213520207,0.0163414915688768,4511
491,email marketing,5.2462632712450965,0.0438222285949381,3165
492,paid advertising,30.450327213520207,0.0163414915688768,2112
493,Referral,8.320326732170223,0.1231449787166301,1850
494,social media,9.546325667652964,0.1675922473559195,4746
495,paid advertising,30.450327213520207,0.0163414915688768,956
496,Referral,8.320326732170223,0.1231449787166301,3630
497,email marketing,5.2462632712450965,0.0438222285949381,4427
498,Referral,8.320326732170223,0.1231449787166301,1597
499,social media,9.546325667652964,0.1675922473559195,1412
500,Referral,8.320326732170223,0.1231449787166301,3798
501,Referral,8.320326732170223,0.1231449787166301,2759
502,paid advertising,30.450327213520207,0.0163414915688768,1474
503,paid advertising,30.450327213520207,0.0163414915688768,1206
504,social media,9.546325667652964,0.1675922473559195,3174
505,social media,9.546325667652964,0.1675922473559195,4931
506,paid advertising,30.450327213520207,0.0163414915688768,3643
507,email marketing,5.2462632712450965,0.0438222285949381,4603
508,paid advertising,30.450327213520207,0.0163414915688768,2132
509,email marketing,5.2462632712450965,0.0438222285949381,2900
510,email marketing,5.2462632712450965,0.0438222285949381,4496
511,email marketing,5.2462632712450965,0.0438222285949381,4806
512,email marketing,5.2462632712450965,0.0438222285949381,3040
513,paid advertising,30.450327213520207,0.0163414915688768,849
514,social media,9.546325667652964,0.1675922473559195,871
515,social media,9.546325667652964,0.1675922473559195,1079
516,social media,9.546325667652964,0.1675922473559195,3779
517,email marketing,5.2462632712450965,0.0438222285949381,2721
518,paid advertising,30.450327213520207,0.0163414915688768,1397
519,Referral,8.320326732170223,0.1231449787166301,3195
520,paid advertising,30.450327213520207,0.0163414915688768,2923
521,paid advertising,30.450327213520207,0.0163414915688768,2328
522,email marketing,5.2462632712450965,0.0438222285949381,1212
523,email marketing,5.2462632712450965,0.0438222285949381,4098
524,social media,9.546325667652964,0.1675922473559195,3768
525,email marketing,5.2462632712450965,0.0438222285949381,4767
526,Referral,8.320326732170223,0.1231449787166301,2525
527,paid advertising,30.450327213520207,0.0163414915688768,2490
528,Referral,8.320326732170223,0.1231449787166301,1642
529,email marketing,5.2462632712450965,0.0438222285949381,3683
530,Referral,8.320326732170223,0.1231449787166301,4882
531,email marketing,5.2462632712450965,0.0438222285949381,3476
532,social media,9.546325667652964,0.1675922473559195,4342
533,email marketing,5.2462632712450965,0.0438222285949381,545
534,Referral,8.320326732170223,0.1231449787166301,2472
535,paid advertising,30.450327213520207,0.0163414915688768,3092
536,email marketing,5.2462632712450965,0.0438222285949381,4667
537,email marketing,5.2462632712450965,0.0438222285949381,2054
538,paid advertising,30.450327213520207,0.0163414915688768,3320
539,Referral,8.320326732170223,0.1231449787166301,1103
540,email marketing,5.2462632712450965,0.0438222285949381,2816
541,Referral,8.320326732170223,0.1231449787166301,2952
542,paid advertising,30.450327213520207,0.0163414915688768,4533
543,paid advertising,30.450327213520207,0.0163414915688768,3032
544,Referral,8.320326732170223,0.1231449787166301,4080
545,Referral,8.320326732170223,0.1231449787166301,3917
546,Referral,8.320326732170223,0.1231449787166301,4568
547,paid advertising,30.450327213520207,0.0163414915688768,1592
548,Referral,8.320326732170223,0.1231449787166301,3669
549,email marketing,5.2462632712450965,0.0438222285949381,4330
550,email marketing,5.2462632712450965,0.0438222285949381,2040
551,social media,9.546325667652964,0.1675922473559195,4598
552,Referral,8.320326732170223,0.1231449787166301,2128
553,social media,9.546325667652964,0.1675922473559195,4932
554,Referral,8.320326732170223,0.1231449787166301,2060
555,social media,9.546325667652964,0.1675922473559195,4625
556,paid advertising,30.450327213520207,0.0163414915688768,4734
557,social media,9.546325667652964,0.1675922473559195,2766
558,paid advertising,30.450327213520207,0.0163414915688768,4055
559,Referral,8.320326732170223,0.1231449787166301,3540
560,social media,9.546325667652964,0.1675922473559195,1207
561,paid advertising,30.450327213520207,0.0163414915688768,1758
562,email marketing,5.2462632712450965,0.0438222285949381,2757
563,Referral,8.320326732170223,0.1231449787166301,1302
564,email marketing,5.2462632712450965,0.0438222285949381,2410
565,paid advertising,30.450327213520207,0.0163414915688768,2422
566,social media,9.546325667652964,0.1675922473559195,3471
567,social media,9.546325667652964,0.1675922473559195,4866
568,paid advertising,30.450327213520207,0.0163414915688768,4998
569,paid advertising,30.450327213520207,0.0163414915688768,3882
570,email marketing,5.2462632712450965,0.0438222285949381,2291
571,email marketing,5.2462632712450965,0.0438222285949381,1268
572,email marketing,5.2462632712450965,0.0438222285949381,545
573,email marketing,5.2462632712450965,0.0438222285949381,1267
574,email marketing,5.2462632712450965,0.0438222285949381,4288
575,email marketing,5.2462632712450965,0.0438222285949381,1398
576,paid advertising,30.450327213520207,0.0163414915688768,2826
577,email marketing,5.2462632712450965,0.0438222285949381,749
578,Referral,8.320326732170223,0.1231449787166301,4603
579,social media,9.546325667652964,0.1675922473559195,1796
580,paid advertising,30.450327213520207,0.0163414915688768,3988
581,email marketing,5.2462632712450965,0.0438222285949381,1855
582,paid advertising,30.450327213520207,0.0163414915688768,765
583,Referral,8.320326732170223,0.1231449787166301,1847
584,email marketing,5.2462632712450965,0.0438222285949381,1241
585,email marketing,5.2462632712450965,0.0438222285949381,4624
586,Referral,8.320326732170223,0.1231449787166301,2558
587,paid advertising,30.450327213520207,0.0163414915688768,3385
588,Referral,8.320326732170223,0.1231449787166301,3508
589,paid advertising,30.450327213520207,0.0163414915688768,1518
590,email marketing,5.2462632712450965,0.0438222285949381,3097
591,email marketing,5.2462632712450965,0.0438222285949381,1027
592,paid advertising,30.450327213520207,0.0163414915688768,2528
593,Referral,8.320326732170223,0.1231449787166301,3831
594,paid advertising,30.450327213520207,0.0163414915688768,2821
595,social media,9.546325667652964,0.1675922473559195,4698
596,social media,9.546325667652964,0.1675922473559195,3433
597,paid advertising,30.450327213520207,0.0163414915688768,1576
598,Referral,8.320326732170223,0.1231449787166301,3989
599,email marketing,5.2462632712450965,0.0438222285949381,3395
600,Referral,8.320326732170223,0.1231449787166301,2745
601,social media,9.546325667652964,0.1675922473559195,2362
602,social media,9.546325667652964,0.1675922473559195,2179
603,Referral,8.320326732170223,0.1231449787166301,2014
604,Referral,8.320326732170223,0.1231449787166301,3982
605,Referral,8.320326732170223,0.1231449787166301,3797
606,Referral,8.320326732170223,0.1231449787166301,3509
607,paid advertising,30.450327213520207,0.0163414915688768,4905
608,email marketing,5.2462632712450965,0.0438222285949381,2098
609,Referral,8.320326732170223,0.1231449787166301,1140
610,social media,9.546325667652964,0.1675922473559195,2555
611,paid advertising,30.450327213520207,0.0163414915688768,3770
612,Referral,8.320326732170223,0.1231449787166301,1899
613,email marketing,5.2462632712450965,0.0438222285949381,2604
614,social media,9.546325667652964,0.1675922473559195,3597
615,social media,9.546325667652964,0.1675922473559195,1014
616,paid advertising,30.450327213520207,0.0163414915688768,2555
617,email marketing,5.2462632712450965,0.0438222285949381,3419
618,social media,9.546325667652964,0.1675922473559195,1093
619,paid advertising,30.450327213520207,0.0163414915688768,3500
620,email marketing,5.2462632712450965,0.0438222285949381,1766
621,paid advertising,30.450327213520207,0.0163414915688768,4600
622,social media,9.546325667652964,0.1675922473559195,4128
623,email marketing,5.2462632712450965,0.0438222285949381,3885
624,social media,9.546325667652964,0.1675922473559195,2580
625,email marketing,5.2462632712450965,0.0438222285949381,3111
626,social media,9.546325667652964,0.1675922473559195,3904
627,Referral,8.320326732170223,0.1231449787166301,1008
628,paid advertising,30.450327213520207,0.0163414915688768,1661
629,email marketing,5.2462632712450965,0.0438222285949381,3100
630,email marketing,5.2462632712450965,0.0438222285949381,2276
631,paid advertising,30.450327213520207,0.0163414915688768,2435
632,paid advertising,30.450327213520207,0.0163414915688768,1491
633,social media,9.546325667652964,0.1675922473559195,3367
634,social media,9.546325667652964,0.1675922473559195,3991
635,Referral,8.320326732170223,0.1231449787166301,1151
636,Referral,8.320326732170223,0.1231449787166301,1313
637,Referral,8.320326732170223,0.1231449787166301,3525
638,paid advertising,30.450327213520207,0.0163414915688768,4659
639,paid advertising,30.450327213520207,0.0163414915688768,4693
640,email marketing,5.2462632712450965,0.0438222285949381,500
641,social media,9.546325667652964,0.1675922473559195,2807
642,paid advertising,30.450327213520207,0.0163414915688768,2296
643,Referral,8.320326732170223,0.1231449787166301,1549
644,email marketing,5.2462632712450965,0.0438222285949381,4735
645,Referral,8.320326732170223,0.1231449787166301,3792
646,paid advertising,30.450327213520207,0.0163414915688768,4085
647,social media,9.546325667652964,0.1675922473559195,1370
648,paid advertising,30.450327213520207,0.0163414915688768,1253
649,paid advertising,30.450327213520207,0.0163414915688768,4649
650,paid advertising,30.450327213520207,0.0163414915688768,4910
651,email marketing,5.2462632712450965,0.0438222285949381,1208
652,email marketing,5.2462632712450965,0.0438222285949381,3089
653,Referral,8.320326732170223,0.1231449787166301,1071
654,paid advertising,30.450327213520207,0.0163414915688768,3436
655,paid advertising,30.450327213520207,0.0163414915688768,3902
656,email marketing,5.2462632712450965,0.0438222285949381,684
657,paid advertising,30.450327213520207,0.0163414915688768,676
658,Referral,8.320326732170223,0.1231449787166301,1992
659,Referral,8.320326732170223,0.1231449787166301,1214
660,paid advertising,30.450327213520207,0.0163414915688768,4171
661,social media,9.546325667652964,0.1675922473559195,4402
662,email marketing,5.2462632712450965,0.0438222285949381,2327
663,social media,9.546325667652964,0.1675922473559195,4056
664,Referral,8.320326732170223,0.1231449787166301,1176
665,paid advertising,30.450327213520207,0.0163414915688768,2777
666,Referral,8.320326732170223,0.1231449787166301,1244
667,paid advertising,30.450327213520207,0.0163414915688768,2607
668,social media,9.546325667652964,0.1675922473559195,1173
669,social media,9.546325667652964,0.1675922473559195,519
670,paid advertising,30.450327213520207,0.0163414915688768,4662
671,Referral,8.320326732170223,0.1231449787166301,4332
672,Referral,8.320326732170223,0.1231449787166301,2666
673,email marketing,5.2462632712450965,0.0438222285949381,2472
674,social media,9.546325667652964,0.1675922473559195,736
675,Referral,8.320326732170223,0.1231449787166301,4085
676,Referral,8.320326732170223,0.1231449787166301,1903
677,social media,9.546325667652964,0.1675922473559195,3916
678,paid advertising,30.450327213520207,0.0163414915688768,933
679,social media,9.546325667652964,0.1675922473559195,2540
680,email marketing,5.2462632712450965,0.0438222285949381,1375
681,paid advertising,30.450327213520207,0.0163414915688768,3862
682,paid advertising,30.450327213520207,0.0163414915688768,2849
683,social media,9.546325667652964,0.1675922473559195,3810
684,email marketing,5.2462632712450965,0.0438222285949381,1704
685,Referral,8.320326732170223,0.1231449787166301,4164
686,social media,9.546325667652964,0.1675922473559195,2680
687,paid advertising,30.450327213520207,0.0163414915688768,3036
688,Referral,8.320326732170223,0.1231449787166301,2506
689,Referral,8.320326732170223,0.1231449787166301,1004
690,social media,9.546325667652964,0.1675922473559195,3512
691,social media,9.546325667652964,0.1675922473559195,3652
692,email marketing,5.2462632712450965,0.0438222285949381,1849
693,paid advertising,30.450327213520207,0.0163414915688768,2198
694,email marketing,5.2462632712450965,0.0438222285949381,4062
695,paid advertising,30.450327213520207,0.0163414915688768,684
696,Referral,8.320326732170223,0.1231449787166301,2689
697,Referral,8.320326732170223,0.1231449787166301,2857
698,email marketing,5.2462632712450965,0.0438222285949381,3363
699,email marketing,5.2462632712450965,0.0438222285949381,3343
700,email marketing,5.2462632712450965,0.0438222285949381,1344
701,paid advertising,30.450327213520207,0.0163414915688768,4289
702,social media,9.546325667652964,0.1675922473559195,2058
703,email marketing,5.2462632712450965,0.0438222285949381,4350
704,email marketing,5.2462632712450965,0.0438222285949381,2898
705,Referral,8.320326732170223,0.1231449787166301,3751
706,email marketing,5.2462632712450965,0.0438222285949381,3657
707,social media,9.546325667652964,0.1675922473559195,4228
708,social media,9.546325667652964,0.1675922473559195,4832
709,Referral,8.320326732170223,0.1231449787166301,1464
710,paid advertising,30.450327213520207,0.0163414915688768,2333
711,email marketing,5.2462632712450965,0.0438222285949381,4027
712,social media,9.546325667652964,0.1675922473559195,702
713,social media,9.546325667652964,0.1675922473559195,1855
714,Referral,8.320326732170223,0.1231449787166301,2750
715,paid advertising,30.450327213520207,0.0163414915688768,3959
716,Referral,8.320326732170223,0.1231449787166301,2362
717,paid advertising,30.450327213520207,0.0163414915688768,4354
718,Referral,8.320326732170223,0.1231449787166301,1053
719,social media,9.546325667652964,0.1675922473559195,2755
720,email marketing,5.2462632712450965,0.0438222285949381,2195
721,email marketing,5.2462632712450965,0.0438222285949381,513
722,email marketing,5.2462632712450965,0.0438222285949381,1638
723,social media,9.546325667652964,0.1675922473559195,565
724,Referral,8.320326732170223,0.1231449787166301,3980
725,paid advertising,30.450327213520207,0.0163414915688768,2384
726,Referral,8.320326732170223,0.1231449787166301,1825
727,social media,9.546325667652964,0.1675922473559195,4125
728,Referral,8.320326732170223,0.1231449787166301,4237
729,email marketing,5.2462632712450965,0.0438222285949381,3519
730,Referral,8.320326732170223,0.1231449787166301,1388
731,email marketing,5.2462632712450965,0.0438222285949381,4750
732,social media,9.546325667652964,0.1675922473559195,4396
733,paid advertising,30.450327213520207,0.0163414915688768,4550
734,social media,9.546325667652964,0.1675922473559195,3233
735,paid advertising,30.450327213520207,0.0163414915688768,1002
736,Referral,8.320326732170223,0.1231449787166301,1704
737,social media,9.546325667652964,0.1675922473559195,681
738,paid advertising,30.450327213520207,0.0163414915688768,3436
739,paid advertising,30.450327213520207,0.0163414915688768,808
740,Referral,8.320326732170223,0.1231449787166301,3520
741,social media,9.546325667652964,0.1675922473559195,3554
742,email marketing,5.2462632712450965,0.0438222285949381,1794
743,paid advertising,30.450327213520207,0.0163414915688768,1348
744,Referral,8.320326732170223,0.1231449787166301,3708
745,email marketing,5.2462632712450965,0.0438222285949381,1740
746,email marketing,5.2462632712450965,0.0438222285949381,2026
747,social media,9.546325667652964,0.1675922473559195,2257
748,Referral,8.320326732170223,0.1231449787166301,1111
749,Referral,8.320326732170223,0.1231449787166301,4778
750,email marketing,5.2462632712450965,0.0438222285949381,2428
751,Referral,8.320326732170223,0.1231449787166301,970
752,social media,9.546325667652964,0.1675922473559195,4268
753,paid advertising,30.450327213520207,0.0163414915688768,4533
754,Referral,8.320326732170223,0.1231449787166301,3531
755,paid advertising,30.450327213520207,0.0163414915688768,2007
756,social media,9.546325667652964,0.1675922473559195,4419
757,email marketing,5.2462632712450965,0.0438222285949381,4090
758,email marketing,5.2462632712450965,0.0438222285949381,4659
759,social media,9.546325667652964,0.1675922473559195,4264
760,social media,9.546325667652964,0.1675922473559195,2193
761,social media,9.546325667652964,0.1675922473559195,4468
762,email marketing,5.2462632712450965,0.0438222285949381,2996
763,Referral,8.320326732170223,0.1231449787166301,3601
764,email marketing,5.2462632712450965,0.0438222285949381,4647
765,Referral,8.320326732170223,0.1231449787166301,4423
766,paid advertising,30.450327213520207,0.0163414915688768,3027
767,Referral,8.320326732170223,0.1231449787166301,2970
768,email marketing,5.2462632712450965,0.0438222285949381,2027
769,email marketing,5.2462632712450965,0.0438222285949381,4634
770,social media,9.546325667652964,0.1675922473559195,923
771,social media,9.546325667652964,0.1675922473559195,2044
772,email marketing,5.2462632712450965,0.0438222285949381,607
773,paid advertising,30.450327213520207,0.0163414915688768,4902
774,social media,9.546325667652964,0.1675922473559195,2953
775,Referral,8.320326732170223,0.1231449787166301,1597
776,social media,9.546325667652964,0.1675922473559195,4178
777,Referral,8.320326732170223,0.1231449787166301,1190
778,email marketing,5.2462632712450965,0.0438222285949381,3694
779,paid advertising,30.450327213520207,0.0163414915688768,4217
780,social media,9.546325667652964,0.1675922473559195,3818
781,Referral,8.320326732170223,0.1231449787166301,3236
782,email marketing,5.2462632712450965,0.0438222285949381,3376
783,email marketing,5.2462632712450965,0.0438222285949381,4306
784,Referral,8.320326732170223,0.1231449787166301,3620
785,email marketing,5.2462632712450965,0.0438222285949381,3122
786,email marketing,5.2462632712450965,0.0438222285949381,2583
787,social media,9.546325667652964,0.1675922473559195,3017
788,email marketing,5.2462632712450965,0.0438222285949381,4401
789,email marketing,5.2462632712450965,0.0438222285949381,2336
790,Referral,8.320326732170223,0.1231449787166301,1828
791,social media,9.546325667652964,0.1675922473559195,3049
792,email marketing,5.2462632712450965,0.0438222285949381,1492
793,social media,9.546325667652964,0.1675922473559195,1454
794,paid advertising,30.450327213520207,0.0163414915688768,4947
795,social media,9.546325667652964,0.1675922473559195,4509
796,social media,9.546325667652964,0.1675922473559195,2813
797,email marketing,5.2462632712450965,0.0438222285949381,3439
798,social media,9.546325667652964,0.1675922473559195,2101
799,paid advertising,30.450327213520207,0.0163414915688768,813
800,email marketing,5.2462632712450965,0.0438222285949381,4820
